Jornada,Minuto,jugador,Tipo de Gol
10,6,"WHYTE ODUNZE, MICHAEL IKENNA",Normal
10,12,"AVILÉS MAESTRE, JOEL",Normal
10,25,"WHYTE ODUNZE, MICHAEL IKENNA",Normal
10,37,"HORRACH LLABRES, GERARDO",Normal
10,60,"WHYTE ODUNZE, MICHAEL IKENNA",Penalti
10,37,"ADROVER GARRIDO, ALBERT",Normal
10,48,"SUÁREZ SERRA, ALEX",Normal
10,56,"SALAMANCA GALERA, AITOR",Normal
10,25,"MASCARÓ SERVERA, JUAN",Normal
10,73,"TRIAY SASTRE, ADRIA",Normal
10,88,"TRIAY SASTRE, ADRIA",Normal
10,20,"CASAUS SANCHEZ, JOSE IGNACIO",Normal
10,79,"GAYUBAS GONZALEZ, LUIS MIGUEL",Normal
10,20,"CANTALAPIEDRA LOBATO, IKER",Normal
10,38,"FEBRER VILLALONGA, ALBERT",Normal
10,47,"CHICA COMAS, JUAN A",Normal
10,8,"DE OLIVEIRA MESSIAS, EMMANUEL",Normal
10,38,"DE OLIVEIRA MESSIAS, EMMANUEL",Normal
10,71,"RODRIGUEZ MONGELOS, GAEL PAU",Normal
10,82,"SINTES MELERO, ALVARO",Normal
10,90,"MARTI RODRIGUEZ, IVAN",Normal
10,4,"CORDOBA TUR, MARC",Normal
10,14,"AMENGUAL LIRIO, IVAN",Normal
10,17,"KRZYZYK SERRANO, PEDRO",Normal
10,38,"SANCHO OLIVER, PEDRO",Normal
10,44,"KRZYZYK SERRANO, PEDRO",Penalti
10,60,"EL ATTARINE BOUZID, MOHAMED",Normal
10,1,"FERNANDEZ REY, RAUL",Normal
10,19,"BERNASCONI, SANTINO",Normal
10,58,"BERNASCONI, SANTINO",Normal
10,62,"PALAU ORDINAS, MIQUEL",Normal
10,65,"LOMAS SERVERA, PAU",Normal
10,79,"VICH FORTEZA, LLUC",Normal
10,95,"OKROGLIC SOMOZA, LUKA",Normal
11,39,"KRZYZYK SERRANO, PEDRO",Normal
11,58,"FEBRER VILLALONGA, ALBERT",Normal
11,87,"ABRAHAM BOLAÑOS, ISAAC",Normal
11,32,"MESTRE RIBOT, PAU",Normal
11,90,"GOMEZ ACUÑA, RENSON ENRIQUE",Normal
11,9,"CRESPI BARRERA, LEONARDO",Normal
11,37,"LEBRERO BENITEZ, HUGO",Normal
11,59,"FERRER ROIG, JAUME",Normal
11,63,"BERNHARDT, JOEL PIOTR",Normal
11,89,"POLINTANG ANCHETA, GIANNE LARRY",Normal
11,90,"CORDOBA TUR, MARC",Normal
11,64,"ONCALA CARAVACA, DANIEL",Normal
11,72,"GARCIA ALBA, JAVIER",Normal
11,92,"CONDE PEREIRA, ALEJANDRO MANUEL",Normal
11,15,"FUSTER LATORRE, DANIEL",Penalti
11,25,"TRIAY SASTRE, ADRIA",Normal
11,45,"TRIAY SASTRE, ADRIA",Normal
11,49,"LOPEZ FUXA, AARON",Normal
11,62,"VICH FORTEZA, LLUC",Penalti
11,14,"TORRALBA TANUGGI, LUIS",Normal
11,61,"WHYTE ODUNZE, MICHAEL IKENNA",Normal
11,63,"D'VAZ AFONSO, SPENCER GARCIA",Normal
11,66,"ARBOS DENGRA, DIEGO",Penalti
11,87,"VIZCAINO SEGURA, ALAN",Normal
11,17,"ELHADJ ABDOULAYE, BALDE",Normal
11,30,"PATRICIO GUAL, MARC",Normal
11,67,"BLANCO WEBER, LUCA",Normal
11,68,"BALLE BRUNET, JOAN",Normal
11,88,"MARTIN MONSALVE, IAN",Normal
12,32,"GALVEZ ESPINOZA, BRAD ANTONY",Normal
12,6,"AVILÉS MAESTRE, JOEL",Normal
12,15,"GOMEZ SANTOS, JUAN",Normal
12,90,"WHYTE ODUNZE, MICHAEL IKENNA",Normal
12,95,"MOLINA DONAIRE, DANIEL",Normal
12,57,"FAQUINETTI VERGILIO, SAMUEL",Normal
12,62,"LAKHAL ZEROUALE, SAAD",Penalti
12,36,"EXPOSITO BINNEWIES, ALEJANDRO",Normal
12,47,"CASAUS SANCHEZ, JOSE IGNACIO",Normal
12,53,"CASAUS SANCHEZ, JOSE IGNACIO",Normal
12,60,"CASAUS SANCHEZ, JOSE IGNACIO",Normal
12,89,"MATAS OLIVER, PABLO",Normal
12,2,"RETTICH SOLER, JOSEP",Normal
12,40,"RETTICH SOLER, JOSEP",Normal
12,69,"MARTI RODRIGUEZ, IVAN",Penalti
12,51,"SEGUI ESTEBAN, IAN",Normal
12,67,"SANCHO OLIVER, PEDRO",Normal
12,65,"PUGLIESE, PAOLO ALBERTO",Penalti
12,68,"PUGLIESE, PAOLO ALBERTO",Normal
12,85,"TORRES RIERA, LLUC",Normal
13,67,"BIARNES MORENO, ALEJANDRO",Normal
13,7,"GIL GOMILA, XAYRON",Normal
13,15,"MOLL PONS, ROBERTO",Normal
13,44,"GOMEZ ACUÑA, RENSON ENRIQUE",Normal
13,52,"MOLL PONS, ROBERTO",Normal
13,58,"TRIAY SASTRE, ADRIA",Normal
13,17,"SEGUI ESTEBAN, IAN",Normal
13,19,"ALMERING, BEPPE",Normal
13,62,"TUR HORRACH, HUG",Normal
13,6,"ELIAS ARANDIA, SAMUEL ABEL",Normal
13,62,"MARTOS VERGARA, DANIEL",Normal
13,81,"BERNHARDT, JOEL PIOTR",Normal
13,96,"EL HABBOULA EL KORTOBI, ABDELMOIZE",Normal
13,8,"EXPOSITO BINNEWIES, ALEJANDRO",Normal
13,41,"PUJOL ALOMAR, TELM",Normal
13,54,"ALARCON CAVERO, JOEL",Normal
13,85,"EXPOSITO BINNEWIES, ALEJANDRO",Penalti
13,65,"OLIVER GELABERT, PERE",Normal
13,57,"ARBOS DENGRA, DIEGO",Normal
13,60,"FERNANDEZ CABRERA, DAVID",Normal
13,67,"TORRALBA TANUGGI, LUIS",Normal
13,74,"SARMIENTO CABAÑIN, GABRIEL A",Normal
13,90,"KRZYZYK SERRANO, PEDRO",Normal
13,61,"AIT SAID TAFZATI, NABIL",Normal
13,76,"NAVARRO BEZARES, JAVIER",Penalti
14,9,"PATRICIO GUAL, MARC",Normal
14,30,"FONTCUBERTA GALINDO, GABRIEL",Normal
14,17,"CASTAÑER PECELLIN, RAFAEL",Normal
14,24,"CASTAÑER PECELLIN, RAFAEL",Normal
14,66,"RODRIGUEZ GALDON, DANIEL",Normal
14,73,"PONS SERRANO, ALEIX",Normal
14,90,"ADROVER GARRIDO, ALBERT",Normal
14,58,"ODERA PACILIO, SANTIAGO",Normal
14,86,"BERNAL VOIGT, YAMPEL RICHARD",Normal
14,6,"AIT SAID TAFZATI, NABIL",Penalti
14,57,"SASTRE BOTA, JAUME",Normal
14,66,"MASCARÓ SERVERA, JUAN",Normal
14,75,"ONCALA CARAVACA, DANIEL",Normal
14,80,"KOPACH, DANIIL",Normal
14,83,"ASAMOAH ASANTEWAA, DENIS",Normal
14,57,"EXPOSITO BINNEWIES, ALEJANDRO",Normal
14,95,"PEREZ MARTIN, IGNACIO",Normal
14,41,"DIALLO CONDE, ABDOURAHAMANE",Normal
14,66,"MOLINA DONAIRE, DANIEL",Normal
14,1,"BERNASCONI, SANTINO",Normal
14,4,"GARCIA ALBA, JAVIER",Normal
14,10,"GARCIA ALBA, JAVIER",Normal
14,12,"GOMILA BOSCH, LLUÍS",Normal
14,22,"FLORIT TAJUELO, HECTOR",Normal
14,41,"ELIAS ARANDIA, SAMUEL ABEL",Normal
14,60,"FEBRER VILLALONGA, ALBERT",Penalti
14,76,"GOMILA BOSCH, LLUÍS",Normal
15,42,"GOMILA BOSCH, LLUÍS",Normal
15,54,"FEBRER VILLALONGA, ALBERT",Penalti
15,57,"PONS MOLL, FRANCESC",Penalti
15,85,"FEBRER VILLALONGA, ALBERT",Normal
15,89,"DIAZ LLABRES, ISAAC",Normal
15,38,"WHYTE ODUNZE, MICHAEL IKENNA",Normal
15,61,"CORCINO MUÑOZ, ANDRES",Normal
15,20,"COLL AREVALO, JORDI",Normal
15,43,"COLL AREVALO, JORDI",Normal
15,86,"GIL GOMILA, XAYRON",Normal
15,42,"MAS MAIMO, JOSEP",Normal
15,29,"FERRER TORRES, PEDRO",Normal
15,73,"BERNHARDT, JOEL PIOTR",Normal
15,79,"CASAUS SANCHEZ, JOSE IGNACIO",Normal
15,62,"GONZALEZ OBRADOR, ENRIC",Normal
15,76,"GONZALEZ OBRADOR, ENRIC",Normal
15,1,"PETRARCA, ELIA",Normal
15,33,"VIVARES ARANDA, YANNICK",Normal
15,42,"RODRIGUEZ MONGELOS, GAEL PAU",Penalti
15,70,"FUSTER CORTES, FERNANDO",Normal
15,78,"MARTI RODRIGUEZ, IVAN",Normal
15,50,"RIERA MARTÍNEZ, FERRAN",Normal
15,85,"GIBSON, JASPER",Normal
15,7,"FERNANDEZ REY, RAUL",Normal
15,16,"DE OLIVEIRA MESSIAS, KLAYVER",Normal
15,26,"GOMEZ SANTOS, JUAN",Normal
15,53,"TEJEDOR MORENO, ALEJANDRO",Normal
15,73,"DE OLIVEIRA MESSIAS, KLAYVER",Normal
16,51,"RETTICH SOLER, JOSEP",Normal
16,61,"BLANCO WEBER, LUCA",Normal
16,8,"MOLINA DONAIRE, DANIEL",Normal
16,12,"GUICHANDUT GOMILA, MARC",Normal
16,47,"LAZARO TORRES, MARIO",Normal
16,72,"LOPEZ GONZALEZ, ALEJANDRO",Normal
16,79,"DIAZ LLABRES, ISAAC",Normal
16,14,"GONZALEZ OBRADOR, ENRIC",Penalti
16,16,"MONTALBAN ROMERO, MILO JERONIMO",Normal
16,75,"MORELL SACRISTÁN, CARLOS",Normal
16,80,"VILLALONGA GÓMEZ, IKER",Normal
16,87,"FRANCO SINGEORZAN, ALEX",Normal
16,6,"CASAUS SANCHEZ, JOSE IGNACIO",Normal
16,65,"FEBRER VILLALONGA, ALBERT",Penalti
16,71,"SANCHIS MARTINEZ, DAVID",Normal
16,92,"FEBRER VILLALONGA, ALBERT",Normal
16,53,"LUNEGRO, BRUNO",Normal
16,78,"MENDOZA SOLER, MARIO",Normal
16,24,"RODRIGUEZ MONGELOS, GAEL PAU",Normal
16,42,"BERNASCONI, SANTINO",Normal
16,51,"BELTRAN ALVAREZ, SERGIO",Normal
16,11,"IZAGUIRRE RODRIGUEZ, RICARDO ABRAHAM",Normal
16,25,"SANCHO OLIVER, PEDRO",Normal
16,37,"IZAGUIRRE RODRIGUEZ, RICARDO ABRAHAM",Normal
16,48,"GOMEZ SANTOS, JUAN",Penalti
16,53,"SANCHO OLIVER, PEDRO",Normal
16,72,"LOPEZ FERNANDEZ, MARC",Normal
17,25,"CHUKWUKERE PULLET, GREGORY IKECHUKWU",Normal
17,29,"PONS CARRERAS, ANGEL",Normal
17,68,"MARTIN MONSALVE, IAN",Normal
17,81,"CRESPI LUCENA, JUAN MIQUEL",Normal
17,21,"WHYTE ODUNZE, MICHAEL IKENNA",Normal
17,22,"AVILÉS MAESTRE, JOEL",Normal
17,45,"WHYTE ODUNZE, MICHAEL IKENNA",Normal
17,75,"CORCINO MUÑOZ, ANDRES",Normal
17,79,"WHYTE ODUNZE, MICHAEL IKENNA",Normal
17,89,"RODRIGUEZ ROIG, ARIAN",Normal
17,52,"MORELL SACRISTÁN, CARLOS",Penalti
17,56,"GOMEZ ACUÑA, RENSON ENRIQUE",Normal
17,59,"FRANCO SINGEORZAN, ALEX",Normal
17,78,"HERRERA IGLESIAS, ADRIAN",Normal
17,34,"AIT SAID TAFZATI, NABIL",Normal
17,65,"MONTALBAN ROMERO, MILO JERONIMO",Normal
17,72,"ODERA PACILIO, SANTIAGO",Normal
17,93,"LLAMAS MARTINEZ, ERIC",Normal
17,4,"ALEGRIA DA SILVA, JOAO MIGUEL",Normal
17,71,"ORTIZ CARROZA, ABRAHAM",Normal
17,90,"RIERA MARTÍNEZ, FERRAN",Normal
17,53,"SALAMANCA GALERA, AITOR",Normal
17,68,"SUÁREZ SERRA, ALEX",Normal
17,9,"RODRIGUEZ MONGELOS, GAEL PAU",Normal
17,11,"FERNANDEZ CABRERA, DAVID",Normal
17,19,"KRAUSSE, IGNACIO TOMAS",Normal
17,21,"SANS JIMENEZ, MIQUEL ANGEL",Normal
17,60,"SANCHO OLIVER, PEDRO",Normal
17,81,"KEITA SIDIBE, MADY",Normal
17,85,"FERNÁNDEZ CASSO, ALBERTO",Normal
18,22,"DE OLIVEIRA MESSIAS, EMMANUEL",Normal
18,24,"PEREZ MARTIN, IGNACIO",Normal
18,30,"ALMERING, BEPPE",Normal
18,52,"DE OLIVEIRA MESSIAS, EMMANUEL",Normal
18,56,"ELHADJ ABDOULAYE, BALDE",Normal
18,71,"SANCHEZ RAMIREZ, JAVIER",Penalti
18,29,"DE LA PUERTA MARTORELL, JAUME",Normal
18,79,"FEBRER VILLALONGA, ALBERT",Normal
18,88,"MASCARÓ SERVERA, JUAN",Normal
18,9,"SIDIROPOULOS, ANASTASIOS",Normal
18,48,"D'VAZ AFONSO, SPENCER GARCIA",Normal
18,3,"SUÁREZ SERRA, ALEX",Normal
18,38,"LEDESMA COR, MATEU",Normal
18,58,"BADJINKA NDIAYE, BUBAKAR",Normal
18,35,"CRESPI BARRERA, LEONARDO",Penalti
18,39,"CRESPI LUCENA, JUAN MIQUEL",Normal
18,89,"RIUTORT GONZALEZ, JUAN FRANCISCO",Normal
18,41,"DEYÀ BELTRÁN, SEBASTIÀ",Normal
18,84,"CORDOBA TUR, MARC",Penalti
18,23,"PUGLIESE, PAOLO ALBERTO",Normal
18,69,"BELTRAN ALVAREZ, SERGIO",Normal
18,90,"RIERA MARTÍNEZ, FERRAN",Normal
18,53,"LAKHAL ZEROUALE, SAAD",Normal
18,81,"FERNÁNDEZ CASSO, ALBERTO",Normal
19,68,"TUR HORRACH, HUG",Normal
19,17,"COMAS HUTTEN, PAU LLUIS",Normal
19,37,"MARQUES BAGUR, JOAN",Normal
19,63,"COULIBALY COULIBALY, MADANE",Normal
19,77,"MARTINEZ MUNTANER, SERGI",Normal
19,82,"LEBRERO BENITEZ, HUGO",Normal
19,19,"DIALLO CONDE, ABDOURAHAMANE",Normal
19,24,"MATAS OLIVER, PABLO",Penalti
19,30,"EXPOSITO BINNEWIES, ALEJANDRO",Normal
19,93,"GALLARDO DEL VALLE, BENJAMIN",Normal
19,22,"FERNANDEZ REY, RAUL",Normal
19,55,"FEBRER VILLALONGA, ALBERT",Normal
19,65,"CANTALAPIEDRA LOBATO, IKER",Normal
19,31,"BELTRAN ALVAREZ, SERGIO",Normal
19,33,"GARCIA ALBA, JAVIER",Normal
19,73,"VALLS ANIORTE, TARIKU",Normal
19,2,"DE OLIVEIRA MESSIAS, EMMANUEL",Normal
19,15,"VILLALONGA GÓMEZ, IKER",Normal
19,30,"DE OLIVEIRA MESSIAS, EMMANUEL",Normal
19,40,"GOMEZ SANTOS, JUAN",Normal
19,51,"DE OLIVEIRA MESSIAS, EMMANUEL",Normal
19,54,"DE OLIVEIRA MESSIAS, EMMANUEL",Normal
19,56,JOAN,Normal
1,28,"SEGUI ESTEBAN, IAN",Normal
1,36,"HERRERA IGLESIAS, ADRIAN",Normal
1,82,"BLANCO WEBER, LUCA",Normal
1,92,"CASTAÑER PECELLIN, RAFAEL",Normal
1,21,"ARCOS MUÑOZ, IKER",Normal
1,53,"POSTIGO GARAT, RAUL",Normal
1,40,"HORRACH LLABRES, GERARDO",Normal
1,88,"COCA ANTELO, ANDREW",Normal
1,89,"WHYTE ODUNZE, MICHAEL IKENNA",Normal
1,24,"FEBRER VILLALONGA, ALBERT",Normal
1,25,"GOMILA BOSCH, LLUÍS",Normal
1,54,"MARQUES GOMILA, MARC",Normal
1,66,"DRAGHI, MAXIMO",Normal
1,86,"ONCALA CARAVACA, DANIEL",Penalti
1,92,"FERNÁNDEZ RODRÍGUEZ, IKER",Normal
1,42,"EXPOSITO BINNEWIES, ALEJANDRO",Normal
1,55,"CASAUS SANCHEZ, JOSE IGNACIO",Normal
1,66,"FUSTER CORTES, FERNANDO",Normal
1,72,"TORRALBA TANUGGI, LUIS",Normal
1,93,"PUJOL ALOMAR, TELM",Normal
1,17,"LLEDO SAMPOL, ADRIA",Normal
1,67,"FRANCO SINGEORZAN, ALEX",Normal
1,70,"FRANCO SINGEORZAN, ALEX",Normal
1,74,"FRANCO SINGEORZAN, ALEX",Penalti
1,62,"CORDOBA TUR, MARC",Normal
1,64,"MARTIN CABALLERO, ANGEL",Normal
1,65,"MENDOZA SOLER, MARIO",Normal
1,70,"VICH FORTEZA, LLUC",Normal
1,82,"LOPEZ FUXA, AARON",Normal
1,48,"RETTICH SOLER, JOSEP",Normal
1,11,"DE OLIVEIRA MESSIAS, KLAYVER",Normal
1,31,"TEJEDOR MORENO, ALEJANDRO",Normal
1,35,"SINTES MELERO, ALVARO",Normal
1,40,"TEJEDOR MORENO, ALEJANDRO",Normal
1,73,"LOPEZ FERNANDEZ, MARC",Normal
20,45,"BAGUR MOYA, HUGO",Normal
20,60,"FAMIGLIETTI MARQUEZ, LUCA",Normal
20,85,"ALARCON CAVERO, JOEL",Normal
20,10,"POSTIGO GARAT, RAUL",Normal
20,24,"DE OLIVEIRA MESSIAS, EMMANUEL",Normal
20,76,"GRUBAC, NOA",Normal
20,39,"CRESPI BARRERA, LEONARDO",Normal
20,65,"HERRERA IGLESIAS, ADRIAN",Normal
20,21,"LOPEZ MARI, PABLO",Normal
20,41,"MORELL SACRISTÁN, CARLOS",Normal
20,76,"GIL GOMILA, XAYRON",Normal
20,51,"FERRER RIGO, SEBASTIÀ",Normal
20,12,"MOLL PONS, ROBERTO",Normal
20,65,"GAETE MARTINEZ, ISMAEL",Normal
20,71,"SALORT MARIN, JORGE",Normal
21,12,"MARQUES BAGUR, JOAN",Normal
21,28,"VARGAS RODRIGUEZ, NICOLAS",Normal
21,38,"DOBLAS TORRES, MIGUEL",Normal
21,39,"DOBLAS TORRES, MIGUEL",Normal
21,51,"HOMAR GARCIA, ROMAN",Normal
21,57,"DIAZ LLABRES, ISAAC",Normal
21,10,"RETTICH SOLER, JOSEP",Normal
21,28,"BLANCO WEBER, LUCA",Penalti
21,68,"COLL AREVALO, JORDI",Normal
21,30,"SAMPOL MARTINEZ, MARC",Normal
21,68,"MORELL SACRISTÁN, CARLOS",Normal
21,2,"ONCALA CARAVACA, DANIEL",Normal
21,30,"DIALLO CONDE, ABDOURAHAMANE",Normal
21,36,"DIALLO CONDE, ABDOURAHAMANE",Normal
21,67,"MONTES MORALES, ADRIAN",Normal
21,26,"KRZYZYK SERRANO, PEDRO",Normal
21,36,"KRZYZYK SERRANO, PEDRO",Normal
21,52,"CACERES AMOROS, MATEO",Normal
21,90,"CASAUS SANCHEZ, JOSE IGNACIO",Normal
21,16,"SALAMANCA GALERA, AITOR",Normal
21,24,"GALLARDO DEL VALLE, BENJAMIN",Penalti
21,47,"LEBRERO BENITEZ, HUGO",Normal
21,65,"CASTAÑER PECELLIN, RAFAEL",Normal
21,35,"FERNANDEZ REY, RAUL",Normal
21,74,"SALMERON SEGURA, JONATHAN",Normal
21,85,"LOPEZ FUXA, AARON",Normal
21,93,"ARBOS DENGRA, DIEGO",Normal
21,9,"LOPEZ FERNANDEZ, MARC",Normal
21,45,"EL HABBOULA EL KORTOBI, ABDELMOIZE",Normal
21,47,"LOPEZ FERNANDEZ, MARC",Normal
21,81,"SINTES MELERO, ALVARO",Normal
22,9,"CORDOBA TUR, MARC",Normal
22,42,"FEBRER VILLALONGA, ALBERT",Normal
22,79,"FAMIGLIETTI MARQUEZ, LUCA",Normal
22,32,"FERNANDEZ REY, RAUL",Normal
22,54,"MARTINEZ BELA, JAVIER",Normal
22,79,"SIDIROPOULOS, ANASTASIOS",Penalti
22,86,"CORCINO MUÑOZ, ANDRES",Penalti
22,88,"AVILÉS MAESTRE, JOEL",Normal
22,13,"VIVES HIDALGO, IKER",Normal
22,27,"VIVES HIDALGO, IKER",Normal
22,56,"TRIAY SASTRE, ADRIA",Normal
22,11,"LEBRERO BENITEZ, HUGO",Normal
22,67,"MORELL SACRISTÁN, CARLOS",Normal
22,45,"MASCARÓ SERVERA, JUAN",Penalti
22,60,"GONZALEZ OBRADOR, ENRIC",Normal
22,7,"SALMERON SEGURA, JONATHAN",Normal
22,9,"COMAS HUTTEN, PAU LLUIS",Normal
22,42,"SALAMANCA GALERA, AITOR",Normal
22,55,"COMAS HUTTEN, PAU LLUIS",Normal
22,69,"GALLARDO DEL VALLE, BENJAMIN",Normal
22,57,"SARMIENTO CABAÑIN, GABRIEL A",Penalti
22,75,"ABRAHAM BOLAÑOS, ISAAC",Normal
22,76,"ABRAHAM BOLAÑOS, ISAAC",Normal
22,85,"BALLE BRUNET, JOAN",Normal
22,66,"PUGLIESE, PAOLO ALBERTO",Normal
23,38,"OLIVER GELABERT, PERE",Penalti
23,55,"CRESPI LUCENA, JUAN MIQUEL",Normal
23,69,"SANCHEZ RAMIREZ, JAVIER",Penalti
23,72,"COMPANY INGLA, JAUME",Normal
23,89,"BOTELLO CARMONA, PAU",Normal
23,90,"VIZCAINO SEGURA, ALAN",Normal
23,77,"PONS MOLL, FRANCESC",Penalti
23,13,"SEGUI ESTEBAN, IAN",Normal
23,16,"CASTAÑER PECELLIN, RAFAEL",Normal
23,33,"CORDOBA TUR, MARC",Normal
23,67,"LOPEZ MARI, PABLO",Normal
23,85,"CORDOBA TUR, MARC",Normal
23,20,"MASCARÓ SERVERA, JUAN",Normal
23,65,"KRZYZYK SERRANO, PEDRO",Normal
23,77,"MASCARÓ SERVERA, JUAN",Normal
23,89,"CORTES MONTANER, LUIS",Normal
23,6,"SUÁREZ SERRA, ALEX",Normal
23,6,"SIDIROPOULOS, ANASTASIOS",Normal
23,19,"DIALLO CONDE, ABDOURAHAMANE",Normal
23,31,"SALAMANCA GALERA, AITOR",Normal
23,58,"AVILÉS MAESTRE, JOEL",Normal
23,62,"SIDIROPOULOS, ANASTASIOS",Normal
23,64,"DIALLO CONDE, ABDOURAHAMANE",Normal
23,73,"CONDE PEREIRA, ALEJANDRO MANUEL",Penalti
23,92,"GARCIAS LLABRES, MIQUEL",Normal
23,8,"TEJEDOR MORENO, ALEJANDRO",Normal
23,24,"FEBRER VILLALONGA, ALBERT",Penalti
23,60,"DE OLIVEIRA MESSIAS, EMMANUEL",Penalti
23,67,"TEJEDOR MORENO, ALEJANDRO",Normal
23,89,"MBAYE RUIZ, MOUHAMAD YASIN",Normal
24,11,"CACERES COMAS, SERGI",Normal
24,30,"MASCARÓ SERVERA, JUAN",Normal
24,81,"SANCHEZ RAMIREZ, JAVIER",Penalti
24,63,"NDIR GUEYE, MOUHAMADOUL LAMIN",Normal
24,83,"AVILÉS MAESTRE, JOEL",Normal
24,85,"AVILÉS MAESTRE, JOEL",Normal
24,68,"AMENGUAL PRIETO, CHRISTIAN",Normal
24,11,"LEBRERO BENITEZ, HUGO",Normal
24,69,"HERRERA IGLESIAS, ADRIAN",Normal
24,78,"SEGUI ESTEBAN, IAN",Normal
24,83,"ARIAS BESTARD, ENZO",Normal
24,93,"PASCUAL GORNES, ENRIC",Normal
24,51,"SUÁREZ SERRA, ALEX",Normal
24,66,"SALAMANCA GALERA, AITOR",Normal
24,87,"LLEDO SAMPOL, ADRIA",Normal
24,3,"SALMERON SEGURA, JONATHAN",Normal
24,15,"RODRIGUEZ MONGELOS, GAEL PAU",Normal
24,27,"FERNANDEZ CABRERA, DAVID",Normal
24,45,"ARBOS DENGRA, DIEGO",Normal
24,25,"DEYÀ BELTRÁN, SEBASTIÀ",Normal
24,51,"SARMIENTO CABAÑIN, GABRIEL A",Normal
24,2,"PEREZ SILVENTE, ALEJANDRO",Normal
24,41,"EXPOSITO BINNEWIES, ALEJANDRO",Normal
24,45,"GORLA, AGUSTIN",Normal
24,55,"GORLA, AGUSTIN",Normal
24,60,"PARRA VIZUETE, DANIEL",Normal
24,70,"GARCIA ALBA, JAVIER",Normal
25,14,"RODRIGUEZ MONGELOS, GAEL PAU",Normal
25,23,"RODRIGUEZ MONGELOS, GAEL PAU",Normal
25,1,"FRANCO SINGEORZAN, ALEX",Normal
25,11,"RETTICH SOLER, JOSEP",Normal
25,12,"GIL GOMILA, XAYRON",Normal
25,44,"FRANCO SINGEORZAN, ALEX",Normal
25,79,"FRANCO SINGEORZAN, ALEX",Normal
25,86,"VILLALONGA GÓMEZ, IKER",Normal
25,4,"EL ATTARINE BOUZID, MOHAMED",Normal
25,26,"DIALLO CONDE, ABDOURAHAMANE",Normal
25,48,"CORCINO MUÑOZ, ANDRES",Normal
25,51,"SIDIROPOULOS, ANASTASIOS",Normal
25,61,"BURGAYA GENOVART, FERRAN",Normal
25,88,"HORRACH LLABRES, GERARDO",Normal
25,25,"MONTALBAN ROMERO, MILO JERONIMO",Normal
25,28,"FUSTER GONZALEZ, SERGI",Normal
25,47,"MASCARÓ SERVERA, JUAN",Normal
25,69,"ONCALA CARAVACA, DANIEL",Normal
25,71,"MONTES MORALES, ADRIAN",Normal
25,50,"GARCIA MEDRANO, MARCOS",Normal
25,65,"PONS MOLL, FRANCESC",Penalti
25,26,"KRZYZYK SERRANO, PEDRO",Normal
25,47,"KRZYZYK SERRANO, PEDRO",Normal
25,90,"GOMEZ BLANCA, AARON",Normal
25,81,"KRAWIETZ, FRANZ PETER",Normal
25,10,"DE OLIVEIRA MESSIAS, KLAYVER",Normal
25,23,"CRESPI BARRERA, LEONARDO",Normal
25,26,"DE OLIVEIRA MESSIAS, KLAYVER",Penalti
25,49,"SINTES MELERO, ALVARO",Normal
25,55,"CRESPI BARRERA, LEONARDO",Penalti
25,59,"CRESPI BARRERA, LEONARDO",Normal
26,31,"JIMENEZ PASTOR, IKER",Normal
26,55,"LUPIAÑEZ ALEMANY, TONI",Normal
26,62,"JIMENEZ PASTOR, IKER",Normal
26,66,"ALARCON CAVERO, JOEL",Normal
26,34,"DIALLO CONDE, ABDOURAHAMANE",Normal
26,36,"MOLINA DONAIRE, DANIEL",Normal
26,50,"HORRACH LLABRES, GERARDO",Penalti
26,58,"PONS CARRERAS, ANGEL",Normal
26,66,"LAZARO TORRES, MARIO",Normal
26,79,"BAGUR MOYA, HUGO",Normal
26,83,"D'VAZ AFONSO, SPENCER GARCIA",Normal
26,89,"CORCINO MUÑOZ, ANDRES",Normal
26,26,"ADROVER MELIS, FRANCESC",Normal
26,59,"VIVES HIDALGO, IKER",Normal
26,74,"FERNANDEZ REY, RAUL",Normal
26,79,"BARRIGA CATRINA, VICTOR",Normal
26,95,"OLIVER GELABERT, PERE",Normal
26,4,"EXPOSITO BINNEWIES, ALEJANDRO",Normal
26,14,"MASCARO MARTINEZ, IKER",Normal
26,52,"GOMEZ SANTOS, JUAN",Normal
26,81,"CASAUS SANCHEZ, JOSE IGNACIO",Normal
26,30,"RETTICH SOLER, JOSEP",Normal
26,43,"LLAMAS MARTINEZ, ERIC",Normal
26,49,"FERRER RIGO, SEBASTIÀ",Normal
26,26,"GOMEZ ACUÑA, RENSON ENRIQUE",Normal
26,30,"KRAUSSE, IGNACIO TOMAS",Penalti
26,52,"SANCHO OLIVER, PEDRO",Normal
26,54,"GAETE MARTINEZ, ISMAEL",Normal
26,56,"GONZALEZ OBRADOR, ENRIC",Normal
26,79,"MASCARÓ SERVERA, JUAN",Normal
27,43,"COMPANY INGLA, JAUME",Normal
27,71,"ROMAN DE REMENTERIA, ASIER",Penalti
27,80,"HOLLINGSWORTH, HARRY RICHARD",Normal
27,17,"CANTALAPIEDRA LOBATO, IKER",Normal
27,45,"GOMILA BOSCH, LLUÍS",Normal
27,52,"RETTICH SOLER, JOSEP",Normal
27,46,"FRANCO SINGEORZAN, ALEX",Penalti
27,60,"GIL GOMILA, XAYRON",Normal
27,63,"FRANCO SINGEORZAN, ALEX",Normal
27,65,"PORCEL MARTINEZ, JORDI",Normal
27,80,"PORCEL MARTINEZ, JORDI",Normal
27,89,ZAPATA,Normal
27,15,"SIDIROPOULOS, ANASTASIOS",Penalti
27,89,"RIUTORT GONZALEZ, JUAN FRANCISCO",Normal
27,12,"VIERA GONZALEZ, SANTIAGO",Normal
27,20,"KRZYZYK SERRANO, PEDRO",Normal
27,36,"CORDOBA TUR, MARC",Normal
27,71,"SARMIENTO CABAÑIN, GABRIEL A",Penalti
27,49,"GONZALEZ OBRADOR, ENRIC",Normal
27,69,"MASCARÓ SERVERA, JUAN",Normal
27,15,"MASSANET CABRER, FRANCESC",Normal
27,17,"GALLARDO DEL VALLE, BENJAMIN",Normal
27,23,"CLADERA SOBERATS, LLORENÇ",Penalti
27,84,"VIVES HIDALGO, IKER",Penalti
27,44,"GARCIA ALBA, JAVIER",Normal
27,70,"BELTRAN ALVAREZ, SERGIO",Normal
27,90,"GARCIA BISQUERRA, JAVIER",Normal
27,44,"FERNANDEZ CABRERA, DAVID",Normal
28,2,"VARGAS RODRIGUEZ, NICOLAS",Normal
28,69,"LUPIAÑEZ ALEMANY, TONI",Normal
28,35,"MORENO GODOY, NICOLAS",Normal
28,39,"PEREZ MARTIN, IGNACIO",Normal
28,51,"COLL AREVALO, JORDI",Normal
28,72,"PATRICIO GUAL, MARC",Normal
28,85,"COMPANY INGLA, JAUME",Normal
28,40,"MOLINA DONAIRE, DANIEL",Normal
28,86,"SIDIROPOULOS, ANASTASIOS",Normal
28,30,"VIVES HIDALGO, IKER",Penalti
28,38,"VIVES HIDALGO, IKER",Normal
28,8,"TRIAY SASTRE, ADRIA",Normal
28,79,"LOMAS SERVERA, PAU",Normal
28,90,"MENDOZA SOLER, MARIO",Normal
28,34,"COULIBALY COULIBALY, MADANE",Normal
28,15,"ARIAS BESTARD, ENZO",Normal
28,38,"KRZYZYK SERRANO, PEDRO",Normal
28,15,"SUÁREZ SERRA, ALEX",Normal
29,30,"BAGUR MOYA, HUGO",Normal
29,53,"PONS CARRERAS, ANGEL",Normal
29,87,"BOSCH PULIDO, NIL",Penalti
29,36,"FERRA OSPINA, CARLES JOAN",Normal
29,88,"GONZALEZ CASURIAGA, THIAGO",Normal
29,45,"SANCHO OLIVER, PEDRO",Normal
29,91,"SEGUI ESTEBAN, IAN",Normal
29,5,"EL ATTARINE BOUZID, MOHAMED",Normal
29,42,"DIMITROV, DIMITAR DIMITROV",Normal
29,45,"DIMITROV, DIMITAR DIMITROV",Normal
29,93,"IRUELA KLISHINA, DAVID",Normal
29,37,"MARTIN MONSALVE, IAN",Penalti
29,26,"TRIAY SASTRE, ADRIA",Normal
29,60,"GALLARDO DEL VALLE, BENJAMIN",Normal
29,12,"EXPOSITO BINNEWIES, ALEJANDRO",Normal
29,45,"FERNANDEZ REY, RAUL",Normal
29,23,"MORAGUES MORAGUES, JOAN",Normal
29,31,"TORRALBA TANUGGI, LUIS",Normal
29,36,"VIZCAINO SEGURA, ALAN",Normal
29,39,"CHICA COMAS, JUAN A",Normal
29,77,"CHICA COMAS, JUAN A",Normal
29,42,"SIDIROPOULOS, ANASTASIOS",Normal
29,58,"AVILÉS MAESTRE, JOEL",Normal
29,88,"LOPEZ FERNANDEZ, MARC",Normal
2,39,"GOMILA BOSCH, LLUÍS",Normal
2,65,"FUSTER LATORRE, DANIEL",Normal
2,17,"GARCIA LLOMPART, RAFEL",Normal
2,70,"EXPOSITO BINNEWIES, ALEJANDRO",Normal
2,83,"ARAQUE CARRASCOSA, AITOR",Normal
2,91,"VERA SALINAS, ERIK",Normal
2,11,"DE OLIVEIRA MESSIAS, EMMANUEL",Normal
2,37,"FRANCO SINGEORZAN, ALEX",Normal
2,65,"MASCARO MARTINEZ, IKER",Normal
2,73,"SEGORBE GODOY, MARCOS",Penalti
2,77,"SEGORBE GODOY, MARCOS",Normal
2,15,"SEGUI ESTEBAN, IAN",Normal
2,23,"TUR ESCALAS, TONI",Normal
2,48,"CAIMARI FIGUEROLA, JAUME",Normal
2,51,"RETTICH SOLER, JOSEP",Normal
2,17,"VIVARES ARANDA, YANNICK",Normal
2,60,"AMAYA MALENO, FRANCISCO",Normal
2,40,"PUGLIESE, PAOLO ALBERTO",Normal
2,43,"GOMEZ BLANCA, AARON",Normal
2,56,"GARCIA ALBA, JAVIER",Normal
2,60,"RODRIGUEZ ROIG, ARIAN",Normal
2,70,"RODRIGUEZ ROIG, ARIAN",Normal
30,41,"MARTINEZ MUNTANER, SERGI",Normal
30,82,"CRESPI BARRERA, LEONARDO",Normal
30,25,"COMPANY INGLA, JAUME",Normal
30,39,"CRESPI LUCENA, JUAN MIQUEL",Normal
30,6,"GOMILA BOSCH, LLUÍS",Normal
30,72,"FAMIGLIETTI MARQUEZ, LUCA",Normal
30,92,"FEBRER VILLALONGA, ALBERT",Normal
30,6,"FRANCO SINGEORZAN, ALEX",Normal
30,12,"MORELL SACRISTÁN, CARLOS",Normal
30,33,"PASCUAL GORNES, ENRIC",Normal
30,74,"JUANEDA JUANEDA, JOSEP",Normal
30,81,"PONS MOLL, FRANCESC",Normal
30,16,"MASCARÓ SERVERA, JUAN",Normal
30,17,"ASAMOAH ASANTEWAA, DENIS",Normal
30,39,"MONTES MORALES, ADRIAN",Normal
30,42,"EXPOSITO BINNEWIES, ALEJANDRO",Penalti
30,47,"COCA ANTELO, ANDREW",Normal
30,67,"CAIMARI FIGUEROLA, JAUME",Normal
30,18,"KRZYZYK SERRANO, PEDRO",Normal
30,40,"KRZYZYK SERRANO, PEDRO",Normal
30,48,"KRAUSSE, IGNACIO TOMAS",Normal
30,63,"SANCHO OLIVER, PEDRO",Penalti
30,76,"COMAS HUTTEN, PAU LLUIS",Penalti
30,5,"BERNASCONI, SANTINO",Normal
30,25,"RODRIGUEZ ROIG, ARIAN",Normal
30,44,"RODRIGUEZ ROIG, ARIAN",Normal
31,23,"JANER BOSCH, NOFRE",Normal
31,50,"AGUILAR COSTA, MARTÍ",Normal
31,90,"BOSCH PULIDO, NIL",Normal
31,38,"VILLALONGA GÓMEZ, IKER",Normal
31,56,"GIL GOMILA, XAYRON",Normal
31,8,"CASTAÑER PECELLIN, RAFAEL",Normal
31,58,"LEBRERO BENITEZ, HUGO",Normal
31,60,"LEBRERO BENITEZ, HUGO",Normal
31,79,"FUSTER GONZALEZ, SERGI",Normal
31,80,"TRIAY PETHERAM, TOMAS ISMAEL",Normal
31,16,"EL ATTARINE BOUZID, MOHAMED",Normal
31,23,"EL HABBOULA EL KORTOBI, ABDELMOIZE",Normal
31,27,"DIAZ LLABRES, ISAAC",Normal
31,35,"EL ATTARINE BOUZID, MOHAMED",Normal
31,40,"LOPEZ MARI, PABLO",Normal
31,43,"EL ATTARINE BOUZID, MOHAMED",Normal
31,45,"DIAZ LLABRES, ISAAC",Normal
31,51,"DIAZ LLABRES, ISAAC",Normal
31,85,"IRUELA KLISHINA, DAVID",Normal
31,92,"BERNAL VOIGT, YAMPEL RICHARD",Normal
31,80,"BLANCO WEBER, LUCA",Normal
31,90,"BALLE BRUNET, JOAN",Normal
31,3,"VICH FORTEZA, LLUC",Normal
31,57,"COULIBALY COULIBALY, MADANE",Normal
31,71,"GONZALEZ OBRADOR, ENRIC",Normal
31,74,"MONTES MORALES, ADRIAN",Normal
31,85,"MENDOZA SOLER, MARIO",Penalti
31,90,"CACERES COMAS, SERGI",Normal
31,29,"FERNANDEZ CABRERA, DAVID",Normal
31,73,"COMAS HUTTEN, PAU LLUIS",Normal
31,75,"RODRIGUEZ MONGELOS, GAEL PAU",Normal
31,87,"TUR HORRACH, HUG",Normal
31,78,"GOMEZ SANTOS, JUAN",Normal
32,25,"VARGAS RODRIGUEZ, NICOLAS",Normal
32,41,"AVILÉS MAESTRE, JOEL",Normal
32,48,"DIALLO CONDE, ABDOURAHAMANE",Normal
32,71,"LAZARO TORRES, MARIO",Normal
32,74,"PATRICIO GUAL, MARC",Normal
32,88,"GALVEZ ESPINOZA, BRAD ANTONY",Normal
32,33,"AMAYA MALENO, FRANCISCO",Normal
32,63,"MORAGUES LLULL, TONI",Normal
32,72,"RODRIGUEZ MONGELOS, GAEL PAU",Normal
32,90,"ESCUERO PARDOS, MARTI",Normal
32,45,"TRIAY SASTRE, ADRIA",Normal
32,52,"GOMILA BOSCH, LLUÍS",Normal
32,63,"BERNAL VOIGT, YAMPEL RICHARD",Normal
32,66,"TRIAY SASTRE, ADRIA",Normal
32,21,"ALARCON CAVERO, JOEL",Normal
32,40,"MONTES MORALES, ADRIAN",Normal
32,63,"SALAMANCA GALERA, AITOR",Normal
32,74,"LUNEGRO, BRUNO",Normal
32,10,"SANCHO OLIVER, PEDRO",Normal
32,37,"DE LA CRUZ RIERA, JOAN MATEU",Normal
32,40,"KRAUSSE, IGNACIO TOMAS",Normal
32,71,"CHICA COMAS, JUAN A",Normal
32,78,"PUJOL FONT, JAUME",Normal
32,15,"FERNANDEZ REY, RAUL",Normal
32,36,"FERNANDEZ REY, RAUL",Penalti
32,48,"MARTIN CABALLERO, ANGEL",Normal
32,52,"MENDOZA SOLER, MARIO",Normal
32,60,"DE OLIVEIRA MESSIAS, KLAYVER",Normal
32,70,"FERNANDEZ REY, RAUL",Penalti
32,1,"LEBRERO BENITEZ, HUGO",Normal
32,14,"RODRIGUEZ ROIG, ARIAN",Normal
32,43,"BELTRAN ALVAREZ, SERGIO",Penalti
32,78,"LEBRERO BENITEZ, HUGO",Normal
3,11,"CHUKWUKERE PULLET, GREGORY IKECHUKWU",Normal
3,30,"COLL AREVALO, JORDI",Normal
3,92,"WHYTE ODUNZE, MICHAEL IKENNA",Normal
3,19,"FRANCO SINGEORZAN, ALEX",Normal
3,11,"SANCHO OLIVER, PEDRO",Normal
3,56,"MARTINEZ GOMEZ, DYLAN",Normal
3,59,"SANCHO OLIVER, PEDRO",Normal
3,63,"SANCHO OLIVER, PEDRO",Normal
3,86,"PASCUAL GORNES, ENRIC",Normal
3,15,"TORRALBA TANUGGI, LUIS",Normal
3,32,"EXPOSITO BINNEWIES, ALEJANDRO",Normal
3,54,"CHICA COMAS, JUAN A",Normal
3,41,"SUÁREZ SERRA, ALEX",Normal
3,70,JOAN,Normal
3,78,"SALAMANCA GALERA, AITOR",Normal
3,89,"GOMILA BOSCH, LLUÍS",Penalti
3,14,"MENDOZA SOLER, MARIO",Normal
3,29,"MUÑOZ BAIXAULI, JUAN",Penalti
3,90,"LEBRERO BENITEZ, HUGO",Normal
3,93,"TORRES RIERA, LLUC",Normal
3,44,"GOMEZ SANTOS, JUAN",Normal
3,69,"DE OLIVEIRA MESSIAS, EMMANUEL",Normal
3,84,"DE OLIVEIRA MESSIAS, KLAYVER",Normal
4,3,"BESTARD SERVERA, MARCOS",Normal
4,33,"AMELLER RIUDAVETS, JOSEP",Normal
4,47,"CANTALAPIEDRA LOBATO, IKER",Normal
4,46,"WHYTE ODUNZE, MICHAEL IKENNA",Normal
4,55,"COULIBALY COULIBALY, MADANE",Normal
4,66,"WHYTE ODUNZE, MICHAEL IKENNA",Penalti
4,49,"MESTRE RIBOT, PAU",Normal
4,21,"VARGAS RODRIGUEZ, NICOLAS",Normal
4,82,"TRIAY SASTRE, ADRIA",Normal
4,7,"DE OLIVEIRA MESSIAS, EMMANUEL",Penalti
4,40,"SINTES MELERO, ALVARO",Normal
4,50,"CORDOBA TUR, MARC",Normal
4,75,"DE OLIVEIRA MESSIAS, EMMANUEL",Normal
4,88,"DE OLIVEIRA MESSIAS, KLAYVER",Normal
4,4,"FUSTER CORTES, FERNANDO",Normal
4,66,"COMAS HUTTEN, PAU LLUIS",Penalti
4,74,"GARCIAS LLABRES, MIQUEL",Normal
4,49,"PARRA VIZUETE, DANIEL",Normal
4,73,"EXPOSITO BINNEWIES, ALEJANDRO",Normal
4,90,"GOMILA GAMERO, MARCOS",Normal
5,5,"PATRICIO GUAL, MARC",Normal
5,10,"SANCHO OLIVER, PEDRO",Normal
5,38,"KRAUSSE, IGNACIO TOMAS",Normal
5,34,"MARTINEZ MUNTANER, SERGI",Normal
5,42,"LEBRERO BENITEZ, HUGO",Normal
5,59,"CASTAÑER PECELLIN, RAFAEL",Normal
5,90,"GOMEZ ACUÑA, RENSON ENRIQUE",Normal
5,19,"DIAZ LLABRES, ISAAC",Normal
5,12,"OSEGIE AMADASUN, MARVIN ISOKEN",Normal
5,90,"MENDEZ DUARTE, IVAN",Normal
5,85,"CASAUS SANCHEZ, JOSE IGNACIO",Normal
5,58,"FUSTER CORTES, FERNANDO",Penalti
5,2,"WHYTE ODUNZE, MICHAEL IKENNA",Normal
5,26,"VICH FORTEZA, LLUC",Normal
5,29,"DE OLIVEIRA MESSIAS, EMMANUEL",Normal
5,42,"MARTOS VERGARA, DANIEL",Normal
5,45,"PUGLIESE, PAOLO ALBERTO",Normal
5,68,"LOPEZ FERNANDEZ, MARC",Normal
5,75,"BALBURE CARDONA, ALEX",Normal
5,75,"ELHADJ ABDOULAYE, BALDE",Normal
5,90,"LOPEZ FERNANDEZ, MARC",Normal
5,96,"LOPEZ FERNANDEZ, MARC",Normal
6,55,"COMPANY INGLA, JAUME",Normal
6,88,"MARTIN MONSALVE, IAN",Normal
6,48,"DE OLIVEIRA MESSIAS, EMMANUEL",Normal
6,90,"LOPEZ FERNANDEZ, MARC",Normal
6,96,"FEBRER VILLALONGA, ALBERT",Penalti
6,20,"CORCINO MUÑOZ, ANDRES",Normal
6,44,"HORRACH LLABRES, GERARDO",Normal
6,83,"ALARCON CAVERO, JOEL",Normal
6,24,"SANCHIS MARTINEZ, DAVID",Normal
6,44,"HERRERA IGLESIAS, ADRIAN",Normal
6,62,"CRESPI BARRERA, LEONARDO",Normal
6,37,"FERNANDEZ HEREDIA, ALEJANDRO",Normal
6,40,"RIERA MARTÍNEZ, FERRAN",Normal
6,19,"PETRARCA, ELIA",Normal
6,53,"VIZCAINO SEGURA, ALAN",Normal
6,28,"GONZALEZ OBRADOR, ENRIC",Normal
6,52,"KRZYZYK SERRANO, PEDRO",Normal
6,12,"VALLS ANIORTE, TARIKU",Normal
6,77,"PASCUAL GORNES, ENRIC",Normal
7,90,"RODRIGUEZ LOPEZ, RAUL",Normal
7,35,"SEGUI ESTEBAN, IAN",Normal
7,73,"DE LA PUERTA MARTORELL, JAUME",Normal
7,5,"ALEMANY TOUS, MARC",Normal
7,29,"AVILÉS MAESTRE, JOEL",Normal
7,91,"GIL GOMILA, XAYRON",Normal
7,11,"LLAMAS MARTINEZ, ERIC",Normal
7,33,"TORRALBA TANUGGI, LUIS",Normal
7,40,"MARTI RODRIGUEZ, IVAN",Normal
7,61,"ONCALA CARAVACA, DANIEL",Normal
7,76,"VARGAS RODRIGUEZ, NICOLAS",Penalti
7,78,"MORA GISPERT, HUGO",Normal
7,37,"CASAUS SANCHEZ, JOSE IGNACIO",Normal
7,47,"GARCIA ALBA, JAVIER",Normal
7,84,"RODRIGUEZ ROIG, ARIAN",Normal
7,43,"RETTICH SOLER, JOSEP",Penalti
7,56,"SALAMANCA GALERA, AITOR",Normal
7,19,"SANCHO OLIVER, PEDRO",Normal
7,20,"SANCHO OLIVER, PEDRO",Normal
7,33,"LOMAS SERVERA, PAU",Normal
7,42,"SANCHO OLIVER, PEDRO",Normal
7,48,"KRZYZYK SERRANO, PEDRO",Normal
7,53,"SANCHO OLIVER, PEDRO",Normal
7,64,"KRZYZYK SERRANO, PEDRO",Normal
7,72,"KRZYZYK SERRANO, PEDRO",Normal
7,89,"BARRY DIALLO, MAMADOU ALIOU",Normal
7,1,"DE OLIVEIRA MESSIAS, EMMANUEL",Normal
8,11,"VICH FORTEZA, LLUC",Normal
8,41,"ADROVER MELIS, FRANCESC",Normal
8,90,"GARCIAS LLABRES, MIQUEL",Normal
8,33,"AVILÉS MAESTRE, JOEL",Normal
8,40,"GARCIA LLOMPART, RAFEL",Normal
8,49,"GARCIA LLOMPART, RAFEL",Normal
8,54,"WHYTE ODUNZE, MICHAEL IKENNA",Normal
8,70,"WHYTE ODUNZE, MICHAEL IKENNA",Normal
8,75,"WHYTE ODUNZE, MICHAEL IKENNA",Normal
8,14,"MONTALBAN ROMERO, MILO JERONIMO",Normal
8,56,"FERNÁNDEZ RODRÍGUEZ, IKER",Normal
8,59,"MASCARÓ SERVERA, JUAN",Normal
8,75,"MARCOS MONGE, IKER",Normal
8,23,"LEBRERO BENITEZ, HUGO",Normal
8,54,"CASTAÑER PECELLIN, RAFAEL",Normal
8,60,"CRESPI BARRERA, LEONARDO",Normal
8,24,"CAPO MORA, MARC",Normal
8,37,"CASAUS SANCHEZ, JOSE IGNACIO",Normal
8,40,"CASAUS SANCHEZ, JOSE IGNACIO",Normal
8,74,"EXPOSITO BINNEWIES, ALEJANDRO",Normal
8,79,"EXPOSITO BINNEWIES, ALEJANDRO",Normal
8,77,"RETTICH SOLER, JOSEP",Normal
8,44,"FEBRER VILLALONGA, ALBERT",Normal
8,6,"ALARCON CAVERO, JOEL",Normal
8,18,"KRZYZYK SERRANO, PEDRO",Normal
8,14,"MAIRATA NOGUERA, ADRIA",Normal
8,41,"ELIAS ARANDIA, SAMUEL ABEL",Normal
8,50,"BERNASCONI, SANTINO",Normal
8,56,"COMPANY INGLA, JAUME",Normal
8,68,"PUGLIESE, PAOLO ALBERTO",Normal
9,6,"PATRICIO GUAL, MARC",Normal
9,17,"BALLE BRUNET, JOAN",Normal
9,40,"MARTIN MONSALVE, IAN",Normal
9,53,"BALLE BRUNET, JOAN",Normal
9,2,"D'VAZ AFONSO, SPENCER GARCIA",Normal
9,7,"COCA ANTELO, ANDREW",Normal
9,34,"GOMILA BOSCH, LLUÍS",Normal
9,53,"FEBRER VILLALONGA, ALBERT",Normal
9,68,"MARTINEZ BELA, JAVIER",Normal
9,73,"FLORES BARRERA, GERARD",Normal
9,75,"DE LA PUERTA MARTORELL, JAUME",Normal
9,89,"VERD ALONSO, ABEL",Normal
9,89,"PULIDO COLL, IZAN",Normal
9,47,"FRANCO SINGEORZAN, ALEX",Normal
9,55,"FRANCO SINGEORZAN, ALEX",Normal
9,76,"SANCHO OLIVER, PEDRO",Normal
9,1,"CORDOBA TUR, MARC",Normal
9,30,"CORDOBA TUR, MARC",Normal
9,8,"VALLS ANIORTE, TARIKU",Normal
9,19,"ELIAS ARANDIA, SAMUEL ABEL",Normal
9,35,"MORA GISPERT, HUGO",Normal
9,60,"MONTALBAN ROMERO, MILO JERONIMO",Normal
9,65,"FERNÁNDEZ RODRÍGUEZ, IKER",Normal
9,83,"MASCARÓ SERVERA, JUAN",Normal
9,28,"SUÁREZ SERRA, ALEX",Normal
9,78,"DOBLAS TORRES, MIGUEL",Normal
9,5,"FUSTER LATORRE, DANIEL",Normal
9,73,"MARTIN CABALLERO, ANGEL",Normal
9,28,"BOLIVAR PERAL, ROGER",Normal
9,38,"MATAS OLIVER, PABLO",Normal
